<?xml version="1.0" encoding="UTF-8"?>
<root>
  <item name="com.parrot.drone.groundsdk.device.DeviceModel int id()">
    <annotation name="androidx.annotation.IntDef" />
  </item>
  <item name="com.parrot.drone.groundsdk.device.DeviceModel.Id">
    <annotation name="androidx.annotation.IntDef" />
  </item>
  <item name="com.parrot.drone.groundsdk.device.Drone.Model mId">
    <annotation name="androidx.annotation.IntDef" />
  </item>
  <item name="com.parrot.drone.groundsdk.device.RemoteControl.Model mId">
    <annotation name="androidx.annotation.IntDef" />
  </item>
</root>

