<?xml version="1.0" encoding="UTF-8"?>
<root>
  <item name="com.parrot.drone.groundsdk.hmd.Display int getOrientation()">
    <annotation name="androidx.annotation.IntDef">
      <val name="value" val="{com.parrot.drone.groundsdk.hmd.Display.ORIENTATION_0, com.parrot.drone.groundsdk.hmd.Display.ORIENTATION_90, com.parrot.drone.groundsdk.hmd.Display.ORIENTATION_180, com.parrot.drone.groundsdk.hmd.Display.ORIENTATION_270}" />
    </annotation>
  </item>
  <item name="com.parrot.drone.groundsdk.hmd.Display mOrientation">
    <annotation name="androidx.annotation.IntDef">
      <val name="value" val="{com.parrot.drone.groundsdk.hmd.Display.ORIENTATION_0, com.parrot.drone.groundsdk.hmd.Display.ORIENTATION_90, com.parrot.drone.groundsdk.hmd.Display.ORIENTATION_180, com.parrot.drone.groundsdk.hmd.Display.ORIENTATION_270}" />
    </annotation>
  </item>
  <item name="com.parrot.drone.groundsdk.hmd.Display.OrientationListener void onOrientationChanged(int) 0">
    <annotation name="androidx.annotation.IntDef">
      <val name="value" val="{com.parrot.drone.groundsdk.hmd.Display.ORIENTATION_0, com.parrot.drone.groundsdk.hmd.Display.ORIENTATION_90, com.parrot.drone.groundsdk.hmd.Display.ORIENTATION_180, com.parrot.drone.groundsdk.hmd.Display.ORIENTATION_270}" />
    </annotation>
  </item>
  <item name="com.parrot.drone.groundsdk.hmd.Shader com.parrot.drone.groundsdk.hmd.Shader.Descriptor descriptor(int, int) 0">
    <annotation name="androidx.annotation.IntDef">
      <val name="value" val="{android.opengl.GLES20.GL_VERTEX_SHADER, android.opengl.GLES20.GL_FRAGMENT_SHADER}" />
    </annotation>
  </item>
  <item name="com.parrot.drone.groundsdk.hmd.Shader int compileFromResource(int, android.content.res.Resources, int) 0">
    <annotation name="androidx.annotation.IntDef">
      <val name="value" val="{android.opengl.GLES20.GL_VERTEX_SHADER, android.opengl.GLES20.GL_FRAGMENT_SHADER}" />
    </annotation>
  </item>
  <item name="com.parrot.drone.groundsdk.hmd.Shader.Descriptor Descriptor(int, int) 0">
    <annotation name="androidx.annotation.IntDef">
      <val name="value" val="{android.opengl.GLES20.GL_VERTEX_SHADER, android.opengl.GLES20.GL_FRAGMENT_SHADER}" />
    </annotation>
  </item>
  <item name="com.parrot.drone.groundsdk.hmd.Shader.Descriptor mType">
    <annotation name="androidx.annotation.IntDef">
      <val name="value" val="{android.opengl.GLES20.GL_VERTEX_SHADER, android.opengl.GLES20.GL_FRAGMENT_SHADER}" />
    </annotation>
  </item>
</root>

