<?xml version="1.0" encoding="UTF-8"?>
<root>
  <item name="com.parrot.drone.groundsdk.internal.device.DeviceModels com.parrot.drone.groundsdk.device.DeviceModel model(int) 0">
    <annotation name="androidx.annotation.IntDef" />
  </item>
  <item name="com.parrot.drone.groundsdk.internal.device.DeviceModels com.parrot.drone.groundsdk.device.DeviceModel modelOrThrow(int) 0">
    <annotation name="androidx.annotation.IntDef" />
  </item>
  <item name="com.parrot.drone.groundsdk.internal.device.DeviceModels com.parrot.drone.groundsdk.device.Drone.Model droneModel(int) 0">
    <annotation name="androidx.annotation.IntDef" />
  </item>
  <item name="com.parrot.drone.groundsdk.internal.device.DeviceModels com.parrot.drone.groundsdk.device.Drone.Model droneModelOrThrow(int) 0">
    <annotation name="androidx.annotation.IntDef" />
  </item>
  <item name="com.parrot.drone.groundsdk.internal.device.DeviceModels com.parrot.drone.groundsdk.device.RemoteControl.Model rcModel(int) 0">
    <annotation name="androidx.annotation.IntDef" />
  </item>
  <item name="com.parrot.drone.groundsdk.internal.device.DeviceModels com.parrot.drone.groundsdk.device.RemoteControl.Model rcModelOrThrow(int) 0">
    <annotation name="androidx.annotation.IntDef" />
  </item>
  <item name="com.parrot.drone.groundsdk.internal.device.DeviceModels int[] identifiers(java.util.Collection&lt;com.parrot.drone.groundsdk.device.DeviceModel&gt;)">
    <annotation name="androidx.annotation.IntDef" />
  </item>
</root>

