<?xml version="1.0" encoding="UTF-8"?>
<root>
  <item name="com.parrot.drone.groundsdk.stream.GsdkStreamView com.parrot.drone.groundsdk.internal.stream.GlRenderSink.Renderer.PaddingFill fromViewPaddingFill(int) 0">
    <annotation name="androidx.annotation.IntDef">
      <val name="value" val="{com.parrot.drone.groundsdk.stream.GsdkStreamView.PADDING_FILL_NONE, com.parrot.drone.groundsdk.stream.GsdkStreamView.PADDING_FILL_BLUR_CROP, com.parrot.drone.groundsdk.stream.GsdkStreamView.PADDING_FILL_BLUR_EXTEND}" />
    </annotation>
  </item>
  <item name="com.parrot.drone.groundsdk.stream.GsdkStreamView com.parrot.drone.groundsdk.internal.stream.GlRenderSink.Renderer.ScaleType fromViewScaleType(int) 0">
    <annotation name="androidx.annotation.IntDef">
      <val name="value" val="{com.parrot.drone.groundsdk.stream.GsdkStreamView.SCALE_TYPE_FIT, com.parrot.drone.groundsdk.stream.GsdkStreamView.SCALE_TYPE_CROP}" />
    </annotation>
  </item>
  <item name="com.parrot.drone.groundsdk.stream.GsdkStreamView int getPaddingFill()">
    <annotation name="androidx.annotation.IntDef">
      <val name="value" val="{com.parrot.drone.groundsdk.stream.GsdkStreamView.PADDING_FILL_NONE, com.parrot.drone.groundsdk.stream.GsdkStreamView.PADDING_FILL_BLUR_CROP, com.parrot.drone.groundsdk.stream.GsdkStreamView.PADDING_FILL_BLUR_EXTEND}" />
    </annotation>
  </item>
  <item name="com.parrot.drone.groundsdk.stream.GsdkStreamView int getScaleType()">
    <annotation name="androidx.annotation.IntDef">
      <val name="value" val="{com.parrot.drone.groundsdk.stream.GsdkStreamView.SCALE_TYPE_FIT, com.parrot.drone.groundsdk.stream.GsdkStreamView.SCALE_TYPE_CROP}" />
    </annotation>
  </item>
  <item name="com.parrot.drone.groundsdk.stream.GsdkStreamView mPaddingFill">
    <annotation name="androidx.annotation.IntDef">
      <val name="value" val="{com.parrot.drone.groundsdk.stream.GsdkStreamView.PADDING_FILL_NONE, com.parrot.drone.groundsdk.stream.GsdkStreamView.PADDING_FILL_BLUR_CROP, com.parrot.drone.groundsdk.stream.GsdkStreamView.PADDING_FILL_BLUR_EXTEND}" />
    </annotation>
  </item>
  <item name="com.parrot.drone.groundsdk.stream.GsdkStreamView mScaleType">
    <annotation name="androidx.annotation.IntDef">
      <val name="value" val="{com.parrot.drone.groundsdk.stream.GsdkStreamView.SCALE_TYPE_FIT, com.parrot.drone.groundsdk.stream.GsdkStreamView.SCALE_TYPE_CROP}" />
    </annotation>
  </item>
  <item name="com.parrot.drone.groundsdk.stream.GsdkStreamView void setPaddingFill(int) 0">
    <annotation name="androidx.annotation.IntDef">
      <val name="value" val="{com.parrot.drone.groundsdk.stream.GsdkStreamView.PADDING_FILL_NONE, com.parrot.drone.groundsdk.stream.GsdkStreamView.PADDING_FILL_BLUR_CROP, com.parrot.drone.groundsdk.stream.GsdkStreamView.PADDING_FILL_BLUR_EXTEND}" />
    </annotation>
  </item>
  <item name="com.parrot.drone.groundsdk.stream.GsdkStreamView void setScaleType(int) 0">
    <annotation name="androidx.annotation.IntDef">
      <val name="value" val="{com.parrot.drone.groundsdk.stream.GsdkStreamView.SCALE_TYPE_FIT, com.parrot.drone.groundsdk.stream.GsdkStreamView.SCALE_TYPE_CROP}" />
    </annotation>
  </item>
  <item name="com.parrot.drone.groundsdk.stream.GsdkStreamView.PaddingFill">
    <annotation name="androidx.annotation.IntDef">
      <val name="value" val="{com.parrot.drone.groundsdk.stream.GsdkStreamView.PADDING_FILL_NONE, com.parrot.drone.groundsdk.stream.GsdkStreamView.PADDING_FILL_BLUR_CROP, com.parrot.drone.groundsdk.stream.GsdkStreamView.PADDING_FILL_BLUR_EXTEND}" />
    </annotation>
  </item>
  <item name="com.parrot.drone.groundsdk.stream.GsdkStreamView.ScaleType">
    <annotation name="androidx.annotation.IntDef">
      <val name="value" val="{com.parrot.drone.groundsdk.stream.GsdkStreamView.SCALE_TYPE_FIT, com.parrot.drone.groundsdk.stream.GsdkStreamView.SCALE_TYPE_CROP}" />
    </annotation>
  </item>
</root>

